inventory_id,material_id,available_quantity,minimum_stock_level,warehouse_location
1,1,2760,132,Warehouse A
2,2,425,482,Warehouse B
3,3,2902,52,Warehouse C
4,4,2424,132,Warehouse A
5,5,3917,390,Warehouse B
6,6,1940,159,Warehouse A
7,7,2225,364,Warehouse A
8,8,1450,308,Warehouse B
9,9,2367,319,Warehouse B
10,10,1349,297,Warehouse B
11,11,972,430,Warehouse C
12,12,1396,276,Warehouse B
13,13,725,428,Warehouse A
14,14,373,281,Warehouse B
15,15,1991,482,Warehouse C
16,16,1907,59,Warehouse A
17,17,2636,77,Warehouse A
18,18,4563,198,Warehouse B
19,19,1542,140,Warehouse A
20,20,1367,492,Warehouse B
21,21,409,421,Warehouse A
22,22,4950,428,Warehouse C
23,23,3571,399,Warehouse A
24,24,4699,428,Warehouse C
25,25,688,96,Warehouse B
26,26,2733,64,Warehouse B
27,27,3691,84,Warehouse C
28,28,1227,343,Warehouse A
29,29,1715,424,Warehouse A
30,30,305,280,Warehouse A
31,31,3226,287,Warehouse B
32,32,3288,342,Warehouse A
33,33,158,183,Warehouse B
34,34,784,489,Warehouse B
35,35,2505,255,Warehouse B
36,36,4397,157,Warehouse B
37,37,3583,249,Warehouse B
38,38,838,286,Warehouse A
39,39,3747,127,Warehouse C
40,40,1328,500,Warehouse C
41,41,978,413,Warehouse B
42,42,4050,317,Warehouse A
43,43,2485,207,Warehouse C
44,44,4044,258,Warehouse C
45,45,3773,301,Warehouse C
46,46,4579,242,Warehouse B
47,47,4168,74,Warehouse B
48,48,3408,225,Warehouse A
49,49,1979,175,Warehouse B
50,50,4562,404,Warehouse A
51,51,3365,50,Warehouse B
52,52,2817,395,Warehouse B
53,53,3938,176,Warehouse B
54,54,1191,443,Warehouse A
55,55,3247,77,Warehouse B
56,56,228,248,Warehouse C
57,57,301,310,Warehouse B
58,58,1038,188,Warehouse C
59,59,4348,279,Warehouse C
60,60,1815,474,Warehouse A
61,61,3500,440,Warehouse C
62,62,3411,266,Warehouse C
63,63,640,251,Warehouse B
64,64,1132,115,Warehouse A
65,65,282,239,Warehouse A
66,66,2179,100,Warehouse A
67,67,2509,173,Warehouse B
68,68,2450,286,Warehouse A
69,69,4944,448,Warehouse A
70,70,807,432,Warehouse A
71,71,1540,388,Warehouse A
72,72,599,433,Warehouse C
73,73,2822,476,Warehouse A
74,74,4317,223,Warehouse B
75,75,2851,377,Warehouse A
76,76,1255,139,Warehouse A
77,77,4045,452,Warehouse B
78,78,4498,168,Warehouse A
79,79,3755,300,Warehouse A
80,80,2986,360,Warehouse B
81,81,4894,180,Warehouse C
82,82,1071,449,Warehouse C
83,83,2681,116,Warehouse A
84,84,2862,429,Warehouse C
85,85,463,216,Warehouse B
86,86,3464,113,Warehouse C
87,87,1738,284,Warehouse B
88,88,4453,81,Warehouse C
89,89,1121,268,Warehouse C
90,90,4550,439,Warehouse B
91,91,2891,200,Warehouse A
92,92,1036,426,Warehouse C
93,93,3745,55,Warehouse C
94,94,3211,277,Warehouse A
95,95,1539,449,Warehouse B
96,96,3310,98,Warehouse A
97,97,1609,324,Warehouse C
98,98,2665,74,Warehouse A
99,99,2589,387,Warehouse C
100,100,1266,359,Warehouse A
101,101,848,228,Warehouse C
102,102,4626,159,Warehouse B
103,103,2996,348,Warehouse A
104,104,3734,293,Warehouse B
105,105,4515,89,Warehouse A
106,106,3204,422,Warehouse A
107,107,2611,353,Warehouse C
108,108,2752,291,Warehouse C
109,109,3097,456,Warehouse A
110,110,3360,268,Warehouse C
111,111,2243,205,Warehouse C
112,112,2128,172,Warehouse A
113,113,4825,58,Warehouse C
114,114,3828,106,Warehouse A
115,115,2984,56,Warehouse C
116,116,467,285,Warehouse C
117,117,2497,130,Warehouse B
118,118,4555,474,Warehouse B
119,119,3350,471,Warehouse B
120,120,3846,283,Warehouse B
121,121,545,221,Warehouse B
122,122,2663,103,Warehouse C
123,123,1645,132,Warehouse B
124,124,1883,200,Warehouse C
125,125,2167,299,Warehouse A
126,126,1822,466,Warehouse C
127,127,1031,385,Warehouse C
128,128,3464,317,Warehouse B
129,129,499,152,Warehouse B
130,130,2337,229,Warehouse A
131,131,1865,187,Warehouse C
132,132,1390,432,Warehouse C
133,133,1010,473,Warehouse A
134,134,233,253,Warehouse C
135,135,399,351,Warehouse C
136,136,4179,467,Warehouse B
137,137,406,300,Warehouse B
138,138,2379,403,Warehouse C
139,139,238,473,Warehouse A
140,140,1535,452,Warehouse C
141,141,2430,142,Warehouse B
142,142,583,338,Warehouse B
143,143,471,390,Warehouse B
144,144,2531,163,Warehouse B
145,145,4658,339,Warehouse C
146,146,1448,140,Warehouse A
147,147,2372,462,Warehouse C
148,148,1926,424,Warehouse C
149,149,2816,93,Warehouse C
150,150,4076,444,Warehouse A
