machine_id,department_id,machine_name,machine_type,installation_date,operating_status,last_maintenance_date
1,16,Machine-001,Welding Machine,2018-08-04 15:05:06.933471,Running,2026-03-04 15:05:06.933728
2,17,Machine-002,Hydraulic Press,2020-08-04 15:05:06.934775,Running,2026-02-04 15:05:06.934847
3,3,Machine-003,Welding Machine,2018-08-04 15:05:06.934892,Under Maintenance,2026-01-04 15:05:06.934926
4,14,Machine-004,Welding Machine,2021-08-04 15:05:06.934958,Running,2026-03-04 15:05:06.934988
5,8,Machine-005,Assembly Robot,2021-08-04 15:05:06.935016,Stopped,2025-08-04 15:05:06.935042
6,9,Machine-006,Assembly Robot,2021-08-04 15:05:06.935079,Stopped,2026-04-04 15:05:06.935107
7,14,Machine-007,Laser Cutting Machine,2017-08-04 15:05:06.935135,Running,2026-03-04 15:05:06.935163
8,11,Machine-008,Welding Machine,2022-08-04 15:05:06.935191,Under Maintenance,2025-11-04 15:05:06.935217
9,9,Machine-009,Assembly Robot,2022-08-04 15:05:06.935245,Under Maintenance,2026-04-04 15:05:06.935271
10,3,Machine-010,Hydraulic Press,2022-08-04 15:05:06.935298,Under Maintenance,2026-06-04 15:05:06.935324
11,6,Machine-011,Injection Molding Machine,2019-08-04 15:05:06.935350,Under Maintenance,2025-10-04 15:05:06.935377
12,9,Machine-012,Assembly Robot,2025-08-04 15:05:06.935404,Running,2026-02-04 15:05:06.935430
13,5,Machine-013,Laser Cutting Machine,2017-08-04 15:05:06.935458,Under Maintenance,2026-01-04 15:05:06.935485
14,10,Machine-014,Welding Machine,2019-08-04 15:05:06.935512,Running,2026-07-04 15:05:06.935538
15,11,Machine-015,CNC Machine,2025-08-04 15:05:06.935565,Under Maintenance,2026-04-04 15:05:06.935660
16,3,Machine-016,Laser Cutting Machine,2017-08-04 15:05:06.935693,Stopped,2025-11-04 15:05:06.935721
17,14,Machine-017,Welding Machine,2021-08-04 15:05:06.935750,Under Maintenance,2026-02-04 15:05:06.935776
18,12,Machine-018,Injection Molding Machine,2024-08-04 15:05:06.935805,Running,2025-12-04 15:05:06.935832
19,8,Machine-019,Packaging Machine,2022-08-04 15:05:06.935860,Stopped,2026-04-04 15:05:06.935885
20,5,Machine-020,Assembly Robot,2018-08-04 15:05:06.935911,Running,2025-11-04 15:05:06.935937
21,17,Machine-021,Laser Cutting Machine,2018-08-04 15:05:06.935964,Running,2025-08-04 15:05:06.935990
22,6,Machine-022,Laser Cutting Machine,2018-08-04 15:05:06.936019,Stopped,2025-10-04 15:05:06.936046
23,1,Machine-023,CNC Machine,2023-08-04 15:05:06.936073,Stopped,2025-11-04 15:05:06.936100
24,18,Machine-024,Packaging Machine,2017-08-04 15:05:06.936127,Running,2026-05-04 15:05:06.936153
25,13,Machine-025,Assembly Robot,2017-08-04 15:05:06.936180,Running,2026-02-04 15:05:06.936206
26,14,Machine-026,CNC Machine,2020-08-04 15:05:06.936234,Running,2025-10-04 15:05:06.936260
27,8,Machine-027,Laser Cutting Machine,2021-08-04 15:05:06.936289,Under Maintenance,2026-07-04 15:05:06.936353
28,18,Machine-028,Injection Molding Machine,2019-08-04 15:05:06.936390,Running,2026-04-04 15:05:06.936418
29,10,Machine-029,CNC Machine,2016-08-04 15:05:06.936446,Running,2026-05-04 15:05:06.936559
30,8,Machine-030,Packaging Machine,2018-08-04 15:05:06.936596,Under Maintenance,2026-04-04 15:05:06.936624
31,4,Machine-031,Welding Machine,2018-08-04 15:05:06.936660,Running,2026-05-04 15:05:06.936710
32,11,Machine-032,Welding Machine,2021-08-04 15:05:06.936742,Under Maintenance,2025-11-04 15:05:06.936769
33,17,Machine-033,Hydraulic Press,2018-08-04 15:05:06.936797,Running,2026-02-04 15:05:06.936823
34,6,Machine-034,Assembly Robot,2019-08-04 15:05:06.936851,Under Maintenance,2025-10-04 15:05:06.936877
35,7,Machine-035,Assembly Robot,2018-08-04 15:05:06.936904,Running,2026-02-04 15:05:06.936929
36,13,Machine-036,Injection Molding Machine,2021-08-04 15:05:06.936956,Running,2026-04-04 15:05:06.936983
37,2,Machine-037,Laser Cutting Machine,2025-08-04 15:05:06.937009,Running,2026-03-04 15:05:06.937034
38,16,Machine-038,Hydraulic Press,2021-08-04 15:05:06.937061,Running,2026-03-04 15:05:06.937087
39,7,Machine-039,Assembly Robot,2016-08-04 15:05:06.937112,Stopped,2026-04-04 15:05:06.937138
40,11,Machine-040,Packaging Machine,2020-08-04 15:05:06.937165,Stopped,2025-10-04 15:05:06.937191
41,12,Machine-041,Injection Molding Machine,2023-08-04 15:05:06.937218,Stopped,2026-03-04 15:05:06.937244
42,17,Machine-042,Hydraulic Press,2025-08-04 15:05:06.937271,Under Maintenance,2026-06-04 15:05:06.937357
43,10,Machine-043,Laser Cutting Machine,2020-08-04 15:05:06.937391,Running,2026-06-04 15:05:06.937419
44,18,Machine-044,Packaging Machine,2018-08-04 15:05:06.937463,Running,2025-09-04 15:05:06.937493
45,16,Machine-045,Injection Molding Machine,2020-08-04 15:05:06.937521,Running,2026-02-04 15:05:06.937548
46,3,Machine-046,Assembly Robot,2023-08-04 15:05:06.937577,Running,2026-03-04 15:05:06.937605
47,17,Machine-047,Hydraulic Press,2022-08-04 15:05:06.937631,Running,2026-05-04 15:05:06.937667
48,4,Machine-048,Welding Machine,2023-08-04 15:05:06.937697,Running,2025-08-04 15:05:06.937723
49,3,Machine-049,Welding Machine,2022-08-04 15:05:06.937752,Under Maintenance,2026-06-04 15:05:06.937778
50,3,Machine-050,Welding Machine,2017-08-04 15:05:06.937803,Running,2025-12-04 15:05:06.937829
51,17,Machine-051,Laser Cutting Machine,2025-08-04 15:05:06.937856,Running,2025-12-04 15:05:06.937881
52,4,Machine-052,Packaging Machine,2017-08-04 15:05:06.937908,Running,2025-12-04 15:05:06.937933
53,17,Machine-053,Injection Molding Machine,2016-08-04 15:05:06.937959,Running,2025-11-04 15:05:06.937984
54,11,Machine-054,Welding Machine,2019-08-04 15:05:06.938010,Under Maintenance,2025-10-04 15:05:06.938036
55,16,Machine-055,Packaging Machine,2022-08-04 15:05:06.938061,Under Maintenance,2025-08-04 15:05:06.938085
56,10,Machine-056,Packaging Machine,2024-08-04 15:05:06.938112,Running,2026-07-04 15:05:06.938136
57,12,Machine-057,Assembly Robot,2018-08-04 15:05:06.938161,Running,2025-12-04 15:05:06.938186
58,3,Machine-058,Welding Machine,2018-08-04 15:05:06.938213,Stopped,2025-09-04 15:05:06.938238
59,16,Machine-059,CNC Machine,2021-08-04 15:05:06.938264,Running,2026-04-04 15:05:06.938290
60,13,Machine-060,Hydraulic Press,2017-08-04 15:05:06.938315,Running,2026-06-04 15:05:06.938340
61,17,Machine-061,Packaging Machine,2016-08-04 15:05:06.938367,Stopped,2026-05-04 15:05:06.938394
62,5,Machine-062,Hydraulic Press,2023-08-04 15:05:06.938420,Stopped,2026-04-04 15:05:06.938444
63,15,Machine-063,CNC Machine,2018-08-04 15:05:06.938470,Running,2025-09-04 15:05:06.938495
64,16,Machine-064,Welding Machine,2016-08-04 15:05:06.938521,Stopped,2025-09-04 15:05:06.938546
65,17,Machine-065,Hydraulic Press,2016-08-04 15:05:06.938571,Stopped,2025-08-04 15:05:06.938595
66,3,Machine-066,Hydraulic Press,2019-08-04 15:05:06.938623,Running,2025-10-04 15:05:06.938655
67,11,Machine-067,Hydraulic Press,2018-08-04 15:05:06.938687,Stopped,2025-12-04 15:05:06.938713
68,13,Machine-068,Injection Molding Machine,2021-08-04 15:05:06.938740,Running,2025-12-04 15:05:06.938765
69,10,Machine-069,Hydraulic Press,2025-08-04 15:05:06.938791,Stopped,2025-09-04 15:05:06.938815
70,18,Machine-070,Laser Cutting Machine,2019-08-04 15:05:06.938841,Running,2025-10-04 15:05:06.938866
71,4,Machine-071,Assembly Robot,2018-08-04 15:05:06.938892,Under Maintenance,2026-03-04 15:05:06.938916
72,3,Machine-072,Injection Molding Machine,2019-08-04 15:05:06.938942,Running,2025-12-04 15:05:06.938967
73,5,Machine-073,Welding Machine,2020-08-04 15:05:06.938992,Under Maintenance,2025-09-04 15:05:06.939018
74,11,Machine-074,Hydraulic Press,2023-08-04 15:05:06.939045,Running,2026-01-04 15:05:06.939070
75,12,Machine-075,Injection Molding Machine,2022-08-04 15:05:06.939096,Stopped,2026-06-04 15:05:06.939122
