operator_id,department_id,shift_id,operator_name,experience_years,joining_date,status
1,2,4,Kenneth Lee,15,2023-10-06,Inactive
2,17,4,James Marsh,12,2023-01-23,Active
3,4,3,Joseph Hicks,1,2025-09-26,Active
4,14,3,Benjamin Campos,7,2023-10-05,Inactive
5,9,4,Scott Johnson,6,2018-03-15,Active
6,1,1,Sarah Walker,2,2018-10-19,Active
7,1,1,David Reyes,12,2022-10-17,Active
8,7,3,Stephanie Cain,6,2019-06-30,Active
9,4,3,Lisa Lin,5,2019-08-27,Active
10,17,2,Mike Skinner,5,2023-01-05,Inactive
11,7,1,Tracy Ochoa,15,2021-07-13,Active
12,9,1,Jeremy Brown,13,2016-11-08,Active
13,14,4,Jonathan Rodriguez,12,2022-07-23,Active
14,10,1,Christopher Hull,12,2022-08-06,Active
15,9,1,Alexander Johnson,5,2024-08-30,Inactive
16,16,1,Bryan Joseph,13,2020-07-25,Active
17,13,2,William Gray,15,2021-06-29,Active
18,17,2,Jill Davis,3,2016-10-18,Inactive
19,8,4,Donald Collins,13,2026-03-13,Active
20,16,1,Amanda Williams,9,2023-03-12,Active
21,1,4,Roberta Campos,9,2025-10-29,Active
22,14,1,Angela Sosa,13,2024-02-21,Active
23,17,2,Allen Nunez,15,2019-01-15,Active
24,9,1,Theresa Heath,8,2022-03-27,Active
25,17,1,Peter Delgado,10,2020-04-16,Active
26,8,2,Tina Diaz,6,2025-08-23,Inactive
27,13,2,Alisha Ramos,9,2019-05-24,Active
28,9,3,Olivia White,12,2020-08-15,Inactive
29,18,4,Billy Martinez,10,2023-08-26,Active
30,11,3,Johnathan Garrett,13,2025-02-26,Active
31,16,2,Jennifer Morris,1,2023-09-07,Active
32,5,4,Matthew Hill,8,2020-12-28,Inactive
33,14,4,Andrea Mckee,10,2023-07-01,Inactive
34,2,3,Amanda Hernandez,9,2022-07-16,Active
35,13,4,Heather Rodriguez,9,2021-11-30,Active
36,2,4,James Kidd,2,2017-09-14,Active
37,7,4,Emma Carlson,10,2016-08-28,Inactive
38,4,2,Lauren Williams,2,2025-11-15,Active
39,4,2,Melissa Barnes,9,2026-07-03,Active
40,9,2,Shannon Krueger,7,2026-02-18,Inactive
41,8,3,Amber King,9,2017-06-22,Active
42,8,1,Roger Mercado,1,2022-07-21,Active
43,3,1,Dr. Timothy Bryant MD,5,2021-02-16,Active
44,10,3,Michael Perez,1,2026-04-28,Inactive
45,8,1,Heather Castillo,15,2021-05-08,Inactive
46,10,3,Glenn Meadows,15,2024-06-05,Inactive
47,11,4,Tracy Martin,4,2020-07-29,Active
48,17,3,Lindsey Alvarez,5,2018-09-23,Active
49,5,2,Jennifer Wood,8,2024-07-10,Active
50,2,4,Thomas Hancock,13,2022-04-12,Active
51,9,4,David Calderon,3,2018-02-01,Active
52,11,4,David Smith,2,2017-09-11,Active
53,3,1,Rachel Hall,3,2018-03-22,Active
54,4,4,Nicole Morrow,5,2021-08-30,Active
55,6,1,Julie Smith,4,2022-05-26,Inactive
56,15,4,Erica Hunt,11,2018-04-23,Active
57,13,3,Donald Odonnell,8,2026-02-24,Active
58,14,3,Stephen Guerrero,10,2016-11-01,Active
59,17,4,Aaron Sosa,9,2026-08-01,Active
60,18,2,Thomas Obrien,14,2025-04-26,Inactive
61,3,3,Robert Osborne,8,2023-06-15,Active
62,17,4,Matthew Garrett,11,2025-04-08,Active
63,14,1,Emily Ross,14,2017-10-25,Active
64,9,4,Elizabeth Juarez,14,2025-05-11,Active
65,17,1,Connor Rodriguez,3,2024-11-20,Active
66,18,1,Christopher Terry,9,2018-09-16,Active
67,10,1,Paula Norton,4,2021-09-18,Inactive
68,13,1,April Hall,9,2020-11-11,Inactive
69,14,2,Crystal Alexander,11,2020-11-11,Active
70,18,4,Kristin Holder,15,2022-11-27,Active
71,7,3,Austin Robinson DVM,10,2025-10-05,Inactive
72,17,2,Rebecca Morton,5,2024-04-28,Active
73,9,2,Margaret Martinez,12,2019-01-24,Active
74,5,1,Jeremy Peterson,7,2023-02-09,Active
75,15,3,Tanya Powell,2,2025-12-23,Inactive
76,10,3,Chelsea Gonzalez,5,2026-04-05,Inactive
77,13,2,Miss Mary Martin MD,1,2025-05-07,Active
78,3,2,Courtney Bowers,10,2021-07-08,Active
79,4,3,Rhonda Perry,9,2024-07-08,Active
80,12,4,Jessica Munoz,6,2021-04-01,Active
81,12,4,Dylan Hines,2,2017-09-05,Active
82,16,3,Sydney White,13,2024-07-29,Inactive
83,12,4,Taylor Bennett,13,2020-03-22,Inactive
84,9,3,Paul Diaz,14,2017-09-01,Active
85,13,2,Robert Singh,13,2017-05-04,Inactive
86,10,4,William Copeland,3,2017-03-29,Active
87,18,2,Douglas Goodwin,4,2016-12-10,Active
88,16,4,Stefanie Blankenship,2,2018-07-07,Active
89,15,4,Rick Wilson,4,2025-02-10,Active
90,11,2,Kristi Lutz,5,2019-07-04,Inactive
91,11,4,Denise Cobb,12,2022-07-04,Active
92,6,4,Jon Barrera,2,2022-01-10,Active
93,16,1,Kyle Smith,10,2019-05-26,Active
94,12,2,Robert Nichols,2,2022-10-07,Active
95,6,3,Barbara Kelley,13,2024-07-31,Inactive
96,6,1,Jerry Smith,1,2018-07-10,Active
97,1,2,Aaron Smith,11,2021-10-10,Inactive
98,8,4,Rachel Hanson,2,2024-05-31,Active
99,5,1,Christopher Turner,1,2024-04-17,Active
100,5,4,Ruth Harvey,1,2026-01-30,Active
101,5,1,Joan Snow,8,2020-02-28,Active
102,14,2,Timothy Powers,3,2016-10-06,Active
103,12,2,Richard Rangel,15,2023-06-15,Active
104,17,3,William Thompson,15,2022-12-04,Inactive
105,15,4,Bianca Williams,2,2023-06-03,Inactive
106,10,4,Sarah Flynn,9,2022-05-04,Inactive
107,4,2,Jose Grant,14,2018-09-22,Inactive
108,14,2,Andrea Johnson,9,2022-06-04,Active
109,18,3,Ricky Peterson,14,2023-01-25,Active
110,4,2,Samantha Jordan,11,2019-12-28,Active
111,14,1,Justin Jacobs,11,2023-01-13,Active
112,17,4,Brittany Martin,13,2020-09-21,Inactive
113,5,2,Gloria Palmer,9,2016-11-03,Inactive
114,8,2,Christina Dixon,8,2021-07-22,Inactive
115,10,2,Karen White,5,2023-11-12,Active
116,7,1,Mary Escobar,3,2022-01-25,Inactive
117,5,1,Christina Pittman,2,2018-09-13,Active
118,8,3,Michelle Carr,14,2022-03-22,Active
119,11,4,Megan Miles,6,2021-11-16,Active
120,8,1,Jenna Perkins,10,2022-09-25,Active
121,13,1,Mr. Ronald Woods DDS,9,2019-05-06,Inactive
122,14,2,Jonathan Marsh,6,2017-06-28,Active
123,17,4,Jeremy Hernandez,13,2019-01-09,Inactive
124,9,3,Christina Powers,7,2019-06-03,Active
125,16,4,Curtis Nixon,7,2022-03-19,Active
126,1,4,Robert Nelson,12,2022-05-05,Active
127,4,4,Michael Garcia,5,2025-03-16,Active
128,10,3,Christina Rogers,9,2020-11-14,Inactive
129,6,2,Megan Andersen,12,2025-08-08,Inactive
130,1,1,Caitlin Lester,5,2017-05-25,Active
131,14,4,Ashley Mckenzie,2,2020-05-26,Active
132,17,2,Audrey Kirk,7,2019-07-15,Inactive
133,18,1,Tyler Gutierrez,13,2018-07-05,Active
134,7,3,Andrew Robinson,15,2022-03-11,Active
135,11,3,Anne Mejia,14,2017-08-17,Active
136,1,3,Laura Wright,15,2020-03-15,Active
137,8,2,Erin Smith,8,2026-03-14,Active
138,13,1,Perry Martinez,6,2024-07-20,Active
139,1,2,Rachel Pearson,4,2017-09-06,Active
140,12,1,Matthew Nielsen,13,2019-01-20,Active
141,5,4,Jacqueline Henry MD,11,2019-07-26,Inactive
142,13,3,Alexander Dixon,2,2024-03-08,Active
143,2,2,Elizabeth Horne,11,2017-10-19,Active
144,7,3,Mrs. Patricia Chambers,5,2022-10-08,Active
145,12,1,Rachel Martin,2,2023-01-31,Active
146,14,2,Diane Black,8,2025-08-31,Active
147,14,4,Kimberly Bennett,11,2025-07-27,Inactive
148,9,1,Kevin Miller,3,2019-10-09,Inactive
149,9,3,Michelle Velazquez,2,2024-12-24,Active
150,3,4,Steven Vargas,3,2022-09-14,Active
