target_id,product_id,month,target_quantity
1,1,1,14480
2,1,2,10751
3,1,3,8292
4,1,4,9680
5,1,5,15304
6,1,6,10222
7,1,7,9299
8,1,8,5339
9,1,9,16122
10,1,10,7105
11,1,11,7149
12,1,12,8970
13,2,1,12766
14,2,2,13534
15,2,3,5204
16,2,4,5768
17,2,5,18513
18,2,6,16544
19,2,7,5584
20,2,8,15378
21,2,9,11731
22,2,10,19445
23,2,11,16898
24,2,12,10975
25,3,1,12202
26,3,2,5841
27,3,3,11548
28,3,4,14617
29,3,5,9992
30,3,6,7167
31,3,7,14123
32,3,8,8404
33,3,9,12125
34,3,10,17609
35,3,11,19692
36,3,12,18104
37,4,1,18724
38,4,2,10113
39,4,3,17812
40,4,4,11733
41,4,5,16854
42,4,6,7663
43,4,7,15062
44,4,8,10388
45,4,9,16282
46,4,10,7213
47,4,11,19860
48,4,12,17482
49,5,1,16276
50,5,2,9856
51,5,3,6064
52,5,4,11652
53,5,5,19462
54,5,6,12309
55,5,7,10658
56,5,8,9788
57,5,9,8411
58,5,10,16983
59,5,11,7303
60,5,12,5588
61,6,1,7951
62,6,2,7180
63,6,3,8917
64,6,4,10295
65,6,5,9685
66,6,6,8975
67,6,7,9666
68,6,8,9600
69,6,9,18340
70,6,10,5291
71,6,11,11560
72,6,12,17328
73,7,1,13092
74,7,2,8792
75,7,3,7027
76,7,4,7713
77,7,5,12681
78,7,6,8312
79,7,7,19362
80,7,8,10779
81,7,9,16853
82,7,10,14305
83,7,11,19486
84,7,12,19835
85,8,1,19112
86,8,2,6568
87,8,3,10536
88,8,4,8512
89,8,5,13228
90,8,6,6249
91,8,7,7767
92,8,8,8578
93,8,9,11475
94,8,10,13722
95,8,11,7725
96,8,12,6573
97,9,1,13087
98,9,2,5197
99,9,3,16607
100,9,4,16962
101,9,5,17995
102,9,6,19556
103,9,7,6022
104,9,8,6163
105,9,9,14955
106,9,10,18610
107,9,11,10088
108,9,12,5625
109,10,1,11536
110,10,2,14083
111,10,3,7876
112,10,4,19029
113,10,5,16707
114,10,6,19457
115,10,7,15166
116,10,8,8091
117,10,9,6300
118,10,10,10747
119,10,11,16527
120,10,12,11680
121,11,1,19888
122,11,2,14232
123,11,3,16429
124,11,4,13824
125,11,5,15252
126,11,6,13771
127,11,7,11085
128,11,8,6185
129,11,9,19173
130,11,10,13861
131,11,11,6012
132,11,12,5937
133,12,1,14744
134,12,2,12278
135,12,3,9759
136,12,4,12535
137,12,5,15383
138,12,6,9445
139,12,7,16321
140,12,8,6421
141,12,9,14624
142,12,10,6501
143,12,11,7283
144,12,12,14481
145,13,1,13364
146,13,2,12819
147,13,3,16685
148,13,4,6206
149,13,5,10086
150,13,6,18156
151,13,7,6551
152,13,8,9273
153,13,9,9256
154,13,10,13678
155,13,11,11918
156,13,12,14285
157,14,1,15650
158,14,2,11827
159,14,3,16717
160,14,4,11288
161,14,5,10121
162,14,6,11388
163,14,7,14518
164,14,8,19976
165,14,9,18076
166,14,10,9524
167,14,11,13600
168,14,12,14577
169,15,1,7254
170,15,2,9688
171,15,3,7730
172,15,4,16601
173,15,5,18015
174,15,6,7272
175,15,7,13591
176,15,8,19662
177,15,9,13737
178,15,10,5031
179,15,11,19570
180,15,12,12200
181,16,1,14254
182,16,2,17214
183,16,3,7642
184,16,4,5694
185,16,5,19386
186,16,6,9277
187,16,7,15579
188,16,8,19905
189,16,9,9344
190,16,10,6962
191,16,11,19910
192,16,12,12164
193,17,1,8145
194,17,2,19069
195,17,3,18784
196,17,4,7870
197,17,5,19182
198,17,6,19048
199,17,7,6465
200,17,8,12923
201,17,9,11965
202,17,10,14949
203,17,11,19870
204,17,12,14076
205,18,1,18445
206,18,2,12778
207,18,3,11194
208,18,4,18834
209,18,5,18737
210,18,6,12569
211,18,7,12448
212,18,8,5503
213,18,9,12152
214,18,10,18272
215,18,11,13452
216,18,12,9501
217,19,1,12795
218,19,2,13248
219,19,3,12459
220,19,4,8956
221,19,5,6497
222,19,6,14035
223,19,7,15436
224,19,8,9774
225,19,9,6396
226,19,10,15494
227,19,11,19761
228,19,12,14454
229,20,1,10588
230,20,2,11685
231,20,3,6045
232,20,4,17553
233,20,5,11355
234,20,6,14127
235,20,7,6618
236,20,8,17264
237,20,9,19900
238,20,10,9160
239,20,11,13482
240,20,12,12938
241,21,1,10951
242,21,2,16583
243,21,3,6192
244,21,4,13230
245,21,5,9932
246,21,6,15149
247,21,7,10306
248,21,8,13393
249,21,9,19363
250,21,10,19448
251,21,11,7896
252,21,12,17582
253,22,1,16040
254,22,2,13504
255,22,3,5901
256,22,4,19897
257,22,5,10989
258,22,6,10461
259,22,7,13439
260,22,8,16481
261,22,9,12085
262,22,10,11134
263,22,11,9147
264,22,12,14886
265,23,1,5967
266,23,2,12003
267,23,3,15988
268,23,4,13612
269,23,5,12329
270,23,6,19904
271,23,7,16081
272,23,8,18317
273,23,9,12346
274,23,10,11308
275,23,11,16335
276,23,12,12215
277,24,1,6825
278,24,2,12162
279,24,3,18183
280,24,4,8611
281,24,5,10126
282,24,6,19652
283,24,7,11692
284,24,8,10926
285,24,9,9812
286,24,10,16574
287,24,11,14829
288,24,12,14041
289,25,1,19200
290,25,2,15406
291,25,3,18706
292,25,4,13794
293,25,5,17118
294,25,6,10943
295,25,7,10613
296,25,8,10874
297,25,9,8516
298,25,10,13737
299,25,11,13578
300,25,12,14187
301,26,1,14420
302,26,2,14164
303,26,3,13291
304,26,4,10719
305,26,5,17838
306,26,6,18314
307,26,7,19849
308,26,8,10789
309,26,9,17716
310,26,10,13974
311,26,11,19489
312,26,12,6524
313,27,1,19241
314,27,2,17580
315,27,3,14887
316,27,4,6010
317,27,5,13866
318,27,6,15708
319,27,7,13645
320,27,8,5491
321,27,9,6010
322,27,10,16697
323,27,11,10887
324,27,12,10146
325,28,1,13070
326,28,2,8253
327,28,3,15730
328,28,4,18339
329,28,5,17326
330,28,6,9315
331,28,7,16623
332,28,8,17922
333,28,9,11419
334,28,10,19107
335,28,11,13597
336,28,12,6974
337,29,1,13296
338,29,2,14523
339,29,3,8485
340,29,4,7133
341,29,5,16965
342,29,6,10438
343,29,7,12214
344,29,8,9774
345,29,9,14124
346,29,10,16041
347,29,11,8460
348,29,12,13690
349,30,1,14529
350,30,2,8152
351,30,3,19062
352,30,4,13770
353,30,5,16026
354,30,6,9678
355,30,7,14338
356,30,8,8784
357,30,9,8185
358,30,10,16750
359,30,11,7059
360,30,12,13173
361,31,1,14016
362,31,2,16804
363,31,3,9172
364,31,4,16176
365,31,5,14901
366,31,6,17649
367,31,7,12540
368,31,8,13911
369,31,9,14573
370,31,10,8710
371,31,11,16304
372,31,12,11771
373,32,1,19714
374,32,2,17307
375,32,3,13148
376,32,4,8273
377,32,5,13756
378,32,6,8856
379,32,7,12513
380,32,8,5773
381,32,9,14417
382,32,10,10056
383,32,11,6274
384,32,12,15608
385,33,1,12182
386,33,2,8853
387,33,3,9325
388,33,4,19406
389,33,5,12711
390,33,6,13530
391,33,7,5221
392,33,8,8908
393,33,9,9834
394,33,10,18087
395,33,11,8826
396,33,12,11980
397,34,1,18202
398,34,2,10183
399,34,3,18689
400,34,4,18132
401,34,5,7246
402,34,6,12579
403,34,7,9192
404,34,8,17826
405,34,9,5357
406,34,10,5475
407,34,11,14543
408,34,12,8086
409,35,1,8860
410,35,2,12963
411,35,3,12794
412,35,4,13564
413,35,5,13262
414,35,6,10843
415,35,7,16488
416,35,8,16956
417,35,9,6480
418,35,10,13185
419,35,11,9731
420,35,12,7550
421,36,1,10750
422,36,2,6329
423,36,3,18704
424,36,4,9858
425,36,5,18115
426,36,6,6602
427,36,7,9764
428,36,8,5423
429,36,9,6226
430,36,10,19887
431,36,11,6904
432,36,12,5921
433,37,1,15796
434,37,2,7360
435,37,3,18070
436,37,4,7468
437,37,5,16271
438,37,6,19236
439,37,7,16158
440,37,8,16641
441,37,9,15866
442,37,10,9035
443,37,11,13435
444,37,12,9014
445,38,1,5130
446,38,2,5293
447,38,3,11900
448,38,4,9525
449,38,5,9132
450,38,6,18008
451,38,7,5254
452,38,8,13804
453,38,9,17412
454,38,10,18143
455,38,11,17385
456,38,12,19025
457,39,1,8939
458,39,2,18860
459,39,3,9460
460,39,4,13962
461,39,5,6050
462,39,6,15796
463,39,7,10435
464,39,8,13175
465,39,9,19769
466,39,10,16721
467,39,11,14081
468,39,12,5702
469,40,1,11179
470,40,2,8612
471,40,3,16096
472,40,4,11203
473,40,5,18897
474,40,6,8280
475,40,7,16042
476,40,8,14855
477,40,9,13647
478,40,10,18800
479,40,11,16940
480,40,12,11234
