material_id,supplier_id,material_name,material_category,unit,unit_cost,reorder_level
1,47,Electronic Sensor 1,Plastic,Pieces,59.71,381
2,19,Copper Wire 2,Plastic,Pieces,2691.09,166
3,68,Silicon Chip 3,Plastic,Pieces,4268.34,75
4,67,Copper Wire 4,Electronic,Pieces,2924.12,72
5,47,Electronic Sensor 5,Electronic,Kg,2215.24,275
6,27,Rubber Seal 6,Electronic,Kg,2477.97,414
7,16,Steel Sheet 7,Metal,Pieces,3198.99,213
8,69,Carbon Fiber 8,Plastic,Liters,4628.57,125
9,47,Silicon Chip 9,Electronic,Pieces,3599.08,324
10,74,Aluminium Rod 10,Plastic,Pieces,1627.6,479
11,7,Battery Cell 11,Plastic,Kg,886.21,481
12,9,Rubber Seal 12,Chemical,Liters,2377.68,382
13,29,Plastic Granules 13,Chemical,Kg,2242.89,267
14,11,Copper Wire 14,Electronic,Liters,1047.38,137
15,39,Silicon Chip 15,Chemical,Pieces,3402.25,328
16,5,Copper Wire 16,Chemical,Pieces,193.31,271
17,12,Silicon Chip 17,Electronic,Pieces,3500.0,393
18,44,Carbon Fiber 18,Chemical,Kg,1123.07,88
19,47,Glass Panel 19,Plastic,Kg,2556.49,421
20,63,Steel Sheet 20,Plastic,Kg,1722.66,330
21,32,Battery Cell 21,Electronic,Kg,425.29,385
22,16,Battery Cell 22,Metal,Liters,4106.89,429
23,29,Steel Sheet 23,Chemical,Pieces,1125.03,106
24,2,Plastic Granules 24,Plastic,Pieces,1030.04,62
25,66,Rubber Seal 25,Electronic,Pieces,390.14,58
26,17,Battery Cell 26,Plastic,Pieces,2525.01,231
27,20,Carbon Fiber 27,Metal,Liters,4569.4,337
28,57,Carbon Fiber 28,Chemical,Liters,184.6,320
29,56,Glass Panel 29,Metal,Pieces,4533.78,410
30,68,Aluminium Rod 30,Plastic,Liters,391.18,154
31,35,Steel Sheet 31,Plastic,Kg,4250.1,207
32,27,Electronic Sensor 32,Metal,Pieces,2539.78,264
33,36,Glass Panel 33,Chemical,Kg,1543.34,256
34,68,Copper Wire 34,Metal,Pieces,4824.69,103
35,63,Aluminium Rod 35,Metal,Pieces,3843.79,213
36,36,Steel Sheet 36,Plastic,Pieces,3826.34,419
37,51,Plastic Granules 37,Metal,Kg,3496.79,87
38,55,Aluminium Rod 38,Plastic,Liters,3049.57,162
39,59,Electronic Sensor 39,Chemical,Pieces,2245.63,128
40,30,Electronic Sensor 40,Plastic,Kg,3139.43,274
41,31,Steel Sheet 41,Electronic,Kg,3804.69,488
42,63,Copper Wire 42,Metal,Pieces,1989.83,100
43,38,Steel Sheet 43,Metal,Pieces,1560.15,219
44,17,Battery Cell 44,Electronic,Kg,2044.51,166
45,42,Plastic Granules 45,Metal,Liters,3619.97,218
46,10,Steel Sheet 46,Electronic,Liters,4331.85,471
47,17,Steel Sheet 47,Chemical,Kg,559.39,393
48,75,Carbon Fiber 48,Metal,Liters,816.56,441
49,16,Electronic Sensor 49,Metal,Pieces,1088.89,140
50,31,Battery Cell 50,Metal,Liters,2307.07,417
51,4,Aluminium Rod 51,Plastic,Kg,2556.56,138
52,59,Carbon Fiber 52,Chemical,Kg,3221.83,241
53,50,Silicon Chip 53,Plastic,Liters,3128.14,249
54,49,Glass Panel 54,Chemical,Pieces,1468.07,251
55,73,Glass Panel 55,Plastic,Liters,4865.21,417
56,30,Glass Panel 56,Electronic,Liters,3784.11,54
57,32,Carbon Fiber 57,Plastic,Liters,503.67,248
58,12,Steel Sheet 58,Chemical,Kg,511.93,316
59,17,Rubber Seal 59,Electronic,Kg,884.01,363
60,34,Steel Sheet 60,Plastic,Liters,253.19,412
61,64,Silicon Chip 61,Metal,Kg,891.63,70
62,60,Copper Wire 62,Chemical,Pieces,1933.99,427
63,63,Carbon Fiber 63,Electronic,Pieces,1263.73,192
64,14,Battery Cell 64,Chemical,Liters,279.78,117
65,6,Carbon Fiber 65,Plastic,Pieces,283.83,370
66,24,Silicon Chip 66,Plastic,Liters,2949.86,476
67,67,Battery Cell 67,Metal,Kg,4499.17,187
68,5,Copper Wire 68,Metal,Kg,3384.29,178
69,21,Steel Sheet 69,Electronic,Pieces,1574.13,122
70,1,Glass Panel 70,Metal,Kg,3109.13,426
71,45,Battery Cell 71,Electronic,Liters,2886.08,362
72,15,Steel Sheet 72,Plastic,Kg,1795.58,62
73,23,Aluminium Rod 73,Plastic,Liters,1215.46,341
74,69,Carbon Fiber 74,Plastic,Liters,4604.13,368
75,14,Steel Sheet 75,Plastic,Pieces,1631.09,136
76,65,Silicon Chip 76,Chemical,Pieces,1709.97,96
77,23,Steel Sheet 77,Chemical,Kg,2455.62,305
78,25,Plastic Granules 78,Metal,Liters,384.04,400
79,43,Glass Panel 79,Electronic,Liters,4258.83,375
80,19,Plastic Granules 80,Chemical,Kg,4508.17,240
81,34,Steel Sheet 81,Electronic,Kg,4984.86,486
82,35,Copper Wire 82,Metal,Liters,1669.21,88
83,7,Silicon Chip 83,Chemical,Kg,3024.92,204
84,33,Battery Cell 84,Metal,Pieces,4454.68,210
85,50,Aluminium Rod 85,Chemical,Kg,3096.12,154
86,40,Electronic Sensor 86,Electronic,Kg,3873.03,111
87,10,Aluminium Rod 87,Plastic,Kg,1530.84,212
88,73,Steel Sheet 88,Chemical,Liters,2124.07,206
89,17,Aluminium Rod 89,Plastic,Liters,2710.91,340
90,43,Silicon Chip 90,Plastic,Liters,427.68,143
91,4,Copper Wire 91,Plastic,Kg,244.48,166
92,2,Battery Cell 92,Chemical,Kg,4499.65,321
93,60,Aluminium Rod 93,Electronic,Pieces,3329.84,404
94,19,Plastic Granules 94,Electronic,Pieces,2311.52,118
95,67,Copper Wire 95,Electronic,Liters,4725.78,259
96,33,Plastic Granules 96,Plastic,Liters,3270.34,356
97,37,Battery Cell 97,Plastic,Kg,320.38,416
98,34,Steel Sheet 98,Plastic,Pieces,2531.32,281
99,65,Battery Cell 99,Metal,Pieces,3172.84,242
100,39,Steel Sheet 100,Plastic,Pieces,4872.3,170
101,61,Copper Wire 101,Electronic,Liters,2472.87,415
102,21,Aluminium Rod 102,Electronic,Pieces,818.39,59
103,48,Copper Wire 103,Chemical,Liters,3953.13,77
104,22,Copper Wire 104,Chemical,Liters,3045.96,432
105,5,Aluminium Rod 105,Electronic,Liters,660.38,339
106,7,Aluminium Rod 106,Plastic,Liters,1659.17,88
107,28,Battery Cell 107,Metal,Pieces,4511.28,163
108,53,Steel Sheet 108,Chemical,Pieces,3320.51,231
109,17,Aluminium Rod 109,Metal,Pieces,3840.5,111
110,48,Aluminium Rod 110,Metal,Liters,4817.8,251
111,32,Carbon Fiber 111,Metal,Pieces,1931.77,420
112,16,Carbon Fiber 112,Metal,Kg,3438.26,310
113,60,Rubber Seal 113,Chemical,Pieces,3758.62,65
114,16,Battery Cell 114,Electronic,Liters,2157.61,61
115,15,Aluminium Rod 115,Chemical,Kg,4195.62,138
116,69,Glass Panel 116,Plastic,Liters,1231.62,347
117,3,Steel Sheet 117,Chemical,Pieces,3787.01,178
118,52,Aluminium Rod 118,Metal,Kg,3191.7,126
119,14,Glass Panel 119,Metal,Kg,1941.92,70
120,25,Rubber Seal 120,Metal,Kg,185.82,129
121,33,Steel Sheet 121,Electronic,Liters,4332.17,192
122,1,Aluminium Rod 122,Chemical,Pieces,2839.08,334
123,2,Plastic Granules 123,Plastic,Pieces,1816.48,165
124,52,Rubber Seal 124,Chemical,Liters,1356.42,56
125,41,Carbon Fiber 125,Chemical,Pieces,3091.3,465
126,63,Plastic Granules 126,Electronic,Kg,4918.79,211
127,52,Plastic Granules 127,Chemical,Kg,2368.29,316
128,48,Steel Sheet 128,Metal,Liters,4125.1,166
129,67,Battery Cell 129,Plastic,Liters,1986.21,454
130,35,Rubber Seal 130,Plastic,Kg,4337.26,113
131,23,Plastic Granules 131,Electronic,Liters,897.31,267
132,19,Plastic Granules 132,Plastic,Kg,653.26,274
133,26,Aluminium Rod 133,Electronic,Kg,2263.83,469
134,20,Aluminium Rod 134,Plastic,Liters,4796.69,101
135,32,Aluminium Rod 135,Electronic,Liters,3295.77,490
136,26,Aluminium Rod 136,Metal,Pieces,590.64,432
137,46,Silicon Chip 137,Electronic,Kg,781.54,442
138,50,Battery Cell 138,Electronic,Kg,2837.71,383
139,25,Aluminium Rod 139,Plastic,Kg,3688.43,297
140,38,Copper Wire 140,Electronic,Kg,2687.45,411
141,38,Plastic Granules 141,Plastic,Liters,1714.19,197
142,31,Steel Sheet 142,Metal,Pieces,882.01,499
143,49,Battery Cell 143,Electronic,Kg,2403.81,452
144,1,Plastic Granules 144,Chemical,Pieces,4294.19,290
145,32,Plastic Granules 145,Metal,Liters,1881.29,388
146,19,Silicon Chip 146,Plastic,Kg,4376.14,82
147,62,Steel Sheet 147,Plastic,Liters,3749.19,162
148,47,Glass Panel 148,Metal,Kg,4167.6,438
149,58,Carbon Fiber 149,Plastic,Liters,4822.22,416
150,11,Copper Wire 150,Metal,Kg,584.14,383
